{
  "ganancias_por_taxi": {
    "6": 3.344,
    "2": 8.312000000000001,
    "1": 8.464,
    "0": 4.208,
    "9": 6.104
  },
  "ganancia_empresa": 7.6080000000000005,
  "ts": 1765913407.15523
}