{
  "ganancias_por_taxi": {
    "5": 11.832,
    "6": 7.792,
    "11": 5.272,
    "0": 7.24,
    "4": 6.672
  },
  "ganancia_empresa": 9.702000000000002,
  "ts": 1765913812.339693
}