{
  "ganancias_por_taxi": {
    "5": 7.023999999999999,
    "10": 16.584,
    "11": 50.024,
    "9": 23.64,
    "3": 21.736,
    "2": 21.736,
    "6": 14.368000000000002,
    "7": 3.272
  },
  "ganancia_empresa": 39.596,
  "ts": 1765906556.0069451
}