{
  "ganancias_por_taxi": {
    "6": 23.152,
    "2": 14.368,
    "10": 10.943999999999999,
    "4": 6.056,
    "1": 12.303999999999998,
    "9": 7.544,
    "3": 5.704,
    "5": 5.5920000000000005
  },
  "ganancia_empresa": 21.416,
  "ts": 1765907173.7224588
}