{
  "ganancias_por_taxi": {
    "2": 18.752000000000002,
    "7": 7.272,
    "5": 9.6,
    "6": 8.224,
    "8": 6.952,
    "9": 19.344,
    "3": 9.032,
    "11": 4.776,
    "1": 13.448,
    "0": 5.864
  },
  "ganancia_empresa": 25.816,
  "ts": 1765910343.961906
}