{
  "ganancias_por_taxi": {
    "1": 4.912,
    "4": 5.744
  },
  "ganancia_empresa": 2.6639999999999997,
  "ts": 1765905318.990256
}